loss,val_loss
2.506580352783203,1.831958532333374
2.226046562194824,1.63427734375
2.0114095211029053,1.6024757623672485
1.9726660251617432,1.5828052759170532
1.9656000137329102,1.5798354148864746
